{
    "hit@1": 0.23804780876494025,
    "hit@5": 0.4760956175298805,
    "hit@10": 0.5727091633466136,
    "ndcg_linear@1": 0.23804780876494025,
    "ndcg_linear@5": 0.36234762315154906,
    "ndcg_linear@10": 0.3936565382688161,
    "ndcg_exponential@1": 0.23804780876494025,
    "ndcg_exponential@5": 0.36234762315154906,
    "ndcg_exponential@10": 0.3936565382688161,
    "precision@1": 0.23804780876494025,
    "precision@5": 0.09521912350597608,
    "precision@10": 0.05727091633466135,
    "recall@1": 0.23804780876494025,
    "recall@5": 0.4760956175298805,
    "recall@10": 0.5727091633466136,
    "f1@1": 0.23804780876494025,
    "f1@5": 0.15869853917662685,
    "f1@10": 0.10412893879029339,
    "map@1": 0.23804780876494025,
    "map@5": 0.3247011952191235,
    "map@10": 0.3376746980332638,
    "mrr@1": 0.23804780876494025,
    "mrr@5": 0.3247011952191235,
    "mrr@10": 0.3376746980332638,
    "num_pred": 1004,
    "num_data": 1004
}