{
    "hit@1": 0.304,
    "hit@5": 0.543,
    "hit@10": 0.646,
    "ndcg_linear@1": 0.304,
    "ndcg_linear@5": 0.42890136070874885,
    "ndcg_linear@10": 0.4622815760224929,
    "ndcg_exponential@1": 0.304,
    "ndcg_exponential@5": 0.42890136070874885,
    "ndcg_exponential@10": 0.4622815760224929,
    "precision@1": 0.304,
    "precision@5": 0.10859999999999999,
    "precision@10": 0.06459999999999999,
    "recall@1": 0.304,
    "recall@5": 0.543,
    "recall@10": 0.646,
    "f1@1": 0.304,
    "f1@5": 0.18100000000000005,
    "f1@10": 0.11745454545454548,
    "map@1": 0.304,
    "map@5": 0.3911666666666666,
    "map@10": 0.4049865079365079,
    "mrr@1": 0.304,
    "mrr@5": 0.3911666666666666,
    "mrr@10": 0.4049865079365079,
    "num_pred": 1000,
    "num_data": 1000
}