{
    "hit@1": 0.46417910447761196,
    "hit@5": 0.7328358208955223,
    "hit@10": 0.8194029850746268,
    "ndcg_linear@1": 0.46417910447761196,
    "ndcg_linear@5": 0.6079466705042172,
    "ndcg_linear@10": 0.6361543444202814,
    "ndcg_exponential@1": 0.46417910447761196,
    "ndcg_exponential@5": 0.6079466705042172,
    "ndcg_exponential@10": 0.6361543444202814,
    "precision@1": 0.46417910447761196,
    "precision@5": 0.14656716417910445,
    "precision@10": 0.08194029850746268,
    "recall@1": 0.46417910447761196,
    "recall@5": 0.7328358208955223,
    "recall@10": 0.8194029850746268,
    "f1@1": 0.46417910447761196,
    "f1@5": 0.2442786069651742,
    "f1@10": 0.14898236092265946,
    "map@1": 0.46417910447761196,
    "map@5": 0.5662935323383084,
    "map@10": 0.5780650319829425,
    "mrr@1": 0.46417910447761196,
    "mrr@5": 0.5662935323383084,
    "mrr@10": 0.5780650319829425,
    "num_pred": 670,
    "num_data": 670
}