{
    "hit@1": 0.24701195219123506,
    "hit@5": 0.49701195219123506,
    "hit@10": 0.6135458167330677,
    "ndcg_linear@1": 0.24701195219123506,
    "ndcg_linear@5": 0.37775888006048575,
    "ndcg_linear@10": 0.4153563094478714,
    "ndcg_exponential@1": 0.24701195219123506,
    "ndcg_exponential@5": 0.37775888006048575,
    "ndcg_exponential@10": 0.4153563094478714,
    "precision@1": 0.24701195219123506,
    "precision@5": 0.09940239043824702,
    "precision@10": 0.06135458167330677,
    "recall@1": 0.24701195219123506,
    "recall@5": 0.49701195219123506,
    "recall@10": 0.6135458167330677,
    "f1@1": 0.24701195219123506,
    "f1@5": 0.16567065073041173,
    "f1@10": 0.1115537848605578,
    "map@1": 0.24701195219123506,
    "map@5": 0.33834661354581674,
    "map@10": 0.3538184563333966,
    "mrr@1": 0.24701195219123506,
    "mrr@5": 0.33834661354581674,
    "mrr@10": 0.3538184563333966,
    "num_pred": 1004,
    "num_data": 1004
}