{
    "hit@1": 0.287,
    "hit@5": 0.549,
    "hit@10": 0.659,
    "ndcg_linear@1": 0.287,
    "ndcg_linear@5": 0.4254391447502701,
    "ndcg_linear@10": 0.46139249921446607,
    "ndcg_exponential@1": 0.287,
    "ndcg_exponential@5": 0.4254391447502701,
    "ndcg_exponential@10": 0.46139249921446607,
    "precision@1": 0.287,
    "precision@5": 0.10979999999999998,
    "precision@10": 0.06589999999999999,
    "recall@1": 0.287,
    "recall@5": 0.549,
    "recall@10": 0.659,
    "f1@1": 0.287,
    "f1@5": 0.18300000000000005,
    "f1@10": 0.11981818181818184,
    "map@1": 0.287,
    "map@5": 0.3843833333333333,
    "map@10": 0.39945158730158725,
    "mrr@1": 0.287,
    "mrr@5": 0.3843833333333333,
    "mrr@10": 0.39945158730158725,
    "num_pred": 1000,
    "num_data": 1000
}