{
    "hit@1": 0.45671641791044776,
    "hit@5": 0.7567164179104477,
    "hit@10": 0.8507462686567164,
    "ndcg_linear@1": 0.45671641791044776,
    "ndcg_linear@5": 0.6165129868022843,
    "ndcg_linear@10": 0.6470459593441029,
    "ndcg_exponential@1": 0.45671641791044776,
    "ndcg_exponential@5": 0.6165129868022843,
    "ndcg_exponential@10": 0.6470459593441029,
    "precision@1": 0.45671641791044776,
    "precision@5": 0.15134328358208954,
    "precision@10": 0.08507462686567163,
    "recall@1": 0.45671641791044776,
    "recall@5": 0.7567164179104477,
    "recall@10": 0.8507462686567164,
    "f1@1": 0.45671641791044776,
    "f1@5": 0.2522388059701493,
    "f1@10": 0.15468113975576664,
    "map@1": 0.45671641791044776,
    "map@5": 0.5699004975124378,
    "map@10": 0.5825758114190951,
    "mrr@1": 0.45671641791044776,
    "mrr@5": 0.5699004975124378,
    "mrr@10": 0.5825758114190951,
    "num_pred": 670,
    "num_data": 670
}