{
    "hit@1": 0.399,
    "hit@5": 0.672,
    "hit@10": 0.765,
    "ndcg_linear@1": 0.399,
    "ndcg_linear@5": 0.5464163861182586,
    "ndcg_linear@10": 0.5767075504611971,
    "ndcg_exponential@1": 0.399,
    "ndcg_exponential@5": 0.5464163861182586,
    "ndcg_exponential@10": 0.5767075504611971,
    "precision@1": 0.399,
    "precision@5": 0.13439999999999996,
    "precision@10": 0.0765,
    "recall@1": 0.399,
    "recall@5": 0.672,
    "recall@10": 0.765,
    "f1@1": 0.399,
    "f1@5": 0.22400000000000006,
    "f1@10": 0.13909090909090913,
    "map@1": 0.399,
    "map@5": 0.5044833333333333,
    "map@10": 0.5171130952380952,
    "mrr@1": 0.399,
    "mrr@5": 0.5044833333333333,
    "mrr@10": 0.5171130952380952,
    "num_pred": 1000,
    "num_data": 1000
}