{
    "hit@1": 0.413,
    "hit@5": 0.656,
    "hit@10": 0.742,
    "ndcg_linear@1": 0.413,
    "ndcg_linear@5": 0.5423450199713056,
    "ndcg_linear@10": 0.5702287353330673,
    "ndcg_exponential@1": 0.413,
    "ndcg_exponential@5": 0.5423450199713056,
    "ndcg_exponential@10": 0.5702287353330673,
    "precision@1": 0.413,
    "precision@5": 0.13119999999999998,
    "precision@10": 0.0742,
    "recall@1": 0.413,
    "recall@5": 0.656,
    "recall@10": 0.742,
    "f1@1": 0.413,
    "f1@5": 0.21866666666666668,
    "f1@10": 0.13490909090909092,
    "map@1": 0.413,
    "map@5": 0.5045166666666666,
    "map@10": 0.5160623015873016,
    "mrr@1": 0.413,
    "mrr@5": 0.5045166666666666,
    "mrr@10": 0.5160623015873016,
    "num_pred": 1000,
    "num_data": 1000
}