{
    "hit@1": 0.473,
    "hit@5": 0.848,
    "hit@10": 0.911,
    "ndcg_linear@1": 0.473,
    "ndcg_linear@5": 0.6776486188745516,
    "ndcg_linear@10": 0.6983884902332336,
    "ndcg_exponential@1": 0.473,
    "ndcg_exponential@5": 0.6776486188745516,
    "ndcg_exponential@10": 0.6983884902332336,
    "precision@1": 0.473,
    "precision@5": 0.16960000000000003,
    "precision@10": 0.09110000000000003,
    "recall@1": 0.473,
    "recall@5": 0.848,
    "recall@10": 0.911,
    "f1@1": 0.473,
    "f1@5": 0.28266666666666673,
    "f1@10": 0.16563636363636364,
    "map@1": 0.473,
    "map@5": 0.6204333333333334,
    "map@10": 0.6292083333333334,
    "mrr@1": 0.473,
    "mrr@5": 0.6204333333333334,
    "mrr@10": 0.6292083333333334,
    "num_pred": 1000,
    "num_data": 1000
}