{
    "hit@1": 0.214,
    "hit@5": 0.398,
    "hit@10": 0.505,
    "ndcg_linear@1": 0.214,
    "ndcg_linear@5": 0.3110778433161081,
    "ndcg_linear@10": 0.3458923828358547,
    "ndcg_exponential@1": 0.214,
    "ndcg_exponential@5": 0.3110778433161081,
    "ndcg_exponential@10": 0.3458923828358547,
    "precision@1": 0.214,
    "precision@5": 0.07959999999999999,
    "precision@10": 0.0505,
    "recall@1": 0.214,
    "recall@5": 0.398,
    "recall@10": 0.505,
    "f1@1": 0.214,
    "f1@5": 0.1326666666666667,
    "f1@10": 0.09181818181818184,
    "map@1": 0.214,
    "map@5": 0.28223333333333334,
    "map@10": 0.2967281746031746,
    "mrr@1": 0.214,
    "mrr@5": 0.28223333333333334,
    "mrr@10": 0.2967281746031746,
    "num_pred": 1000,
    "num_data": 1000
}