{
    "hit@1": 0.829,
    "hit@5": 0.93,
    "hit@10": 0.958,
    "ndcg_linear@1": 0.829,
    "ndcg_linear@5": 0.8852591539296996,
    "ndcg_linear@10": 0.8945056015594133,
    "ndcg_exponential@1": 0.829,
    "ndcg_exponential@5": 0.8852591539296996,
    "ndcg_exponential@10": 0.8945056015594133,
    "precision@1": 0.829,
    "precision@5": 0.18600000000000003,
    "precision@10": 0.09580000000000001,
    "recall@1": 0.829,
    "recall@5": 0.93,
    "recall@10": 0.958,
    "f1@1": 0.829,
    "f1@5": 0.31,
    "f1@10": 0.17418181818181816,
    "map@1": 0.829,
    "map@5": 0.8701333333333332,
    "map@10": 0.8740623015873016,
    "mrr@1": 0.829,
    "mrr@5": 0.8701333333333332,
    "mrr@10": 0.8740623015873016,
    "num_pred": 1000,
    "num_data": 1000
}