{
    "hit@1": 0.814,
    "hit@5": 0.955,
    "hit@10": 0.986,
    "ndcg_linear@1": 0.814,
    "ndcg_linear@5": 0.8955845330731808,
    "ndcg_linear@10": 0.90583008281292,
    "ndcg_exponential@1": 0.814,
    "ndcg_exponential@5": 0.8955845330731808,
    "ndcg_exponential@10": 0.90583008281292,
    "precision@1": 0.814,
    "precision@5": 0.19100000000000003,
    "precision@10": 0.09860000000000001,
    "recall@1": 0.814,
    "recall@5": 0.955,
    "recall@10": 0.986,
    "f1@1": 0.814,
    "f1@5": 0.31833333333333336,
    "f1@10": 0.17927272727272725,
    "map@1": 0.814,
    "map@5": 0.8752166666666666,
    "map@10": 0.8795734126984126,
    "mrr@1": 0.814,
    "mrr@5": 0.8752166666666666,
    "mrr@10": 0.8795734126984126,
    "num_pred": 1000,
    "num_data": 1000
}