{
    "hit@1": 0.134,
    "hit@5": 0.322,
    "hit@10": 0.426,
    "ndcg_linear@1": 0.134,
    "ndcg_linear@5": 0.2309456469099083,
    "ndcg_linear@10": 0.2645041233038743,
    "ndcg_exponential@1": 0.134,
    "ndcg_exponential@5": 0.2309456469099083,
    "ndcg_exponential@10": 0.2645041233038743,
    "precision@1": 0.134,
    "precision@5": 0.0644,
    "precision@10": 0.04259999999999999,
    "recall@1": 0.134,
    "recall@5": 0.322,
    "recall@10": 0.426,
    "f1@1": 0.134,
    "f1@5": 0.10733333333333336,
    "f1@10": 0.07745454545454547,
    "map@1": 0.134,
    "map@5": 0.20096666666666668,
    "map@10": 0.2147722222222222,
    "mrr@1": 0.134,
    "mrr@5": 0.20096666666666668,
    "mrr@10": 0.2147722222222222,
    "num_pred": 1000,
    "num_data": 1000
}