{
    "hit@1": 0.487,
    "hit@5": 0.759,
    "hit@10": 0.846,
    "ndcg_linear@1": 0.487,
    "ndcg_linear@5": 0.6333079094014826,
    "ndcg_linear@10": 0.6613745619827858,
    "ndcg_exponential@1": 0.487,
    "ndcg_exponential@5": 0.6333079094014826,
    "ndcg_exponential@10": 0.6613745619827858,
    "precision@1": 0.487,
    "precision@5": 0.1518,
    "precision@10": 0.0846,
    "recall@1": 0.487,
    "recall@5": 0.759,
    "recall@10": 0.846,
    "f1@1": 0.487,
    "f1@5": 0.25300000000000006,
    "f1@10": 0.15381818181818183,
    "map@1": 0.487,
    "map@5": 0.5913999999999998,
    "map@10": 0.6029337301587302,
    "mrr@1": 0.487,
    "mrr@5": 0.5913999999999998,
    "mrr@10": 0.6029337301587302,
    "num_pred": 1000,
    "num_data": 1000
}