{
    "hit@1": 0.848,
    "hit@5": 0.97,
    "hit@10": 0.983,
    "ndcg_linear@1": 0.848,
    "ndcg_linear@5": 0.9178427515029575,
    "ndcg_linear@10": 0.9220533560833745,
    "ndcg_exponential@1": 0.848,
    "ndcg_exponential@5": 0.9178427515029575,
    "ndcg_exponential@10": 0.9220533560833745,
    "precision@1": 0.848,
    "precision@5": 0.19400000000000003,
    "precision@10": 0.09830000000000001,
    "recall@1": 0.848,
    "recall@5": 0.97,
    "recall@10": 0.983,
    "f1@1": 0.848,
    "f1@5": 0.32333333333333336,
    "f1@10": 0.1787272727272727,
    "map@1": 0.848,
    "map@5": 0.9000666666666667,
    "map@10": 0.9018075396825397,
    "mrr@1": 0.848,
    "mrr@5": 0.9000666666666667,
    "mrr@10": 0.9018075396825397,
    "num_pred": 1000,
    "num_data": 1000
}