{
    "hit@1": 0.506,
    "hit@5": 0.731,
    "hit@10": 0.813,
    "ndcg_linear@1": 0.506,
    "ndcg_linear@5": 0.6261727454977469,
    "ndcg_linear@10": 0.65289684685695,
    "ndcg_exponential@1": 0.506,
    "ndcg_exponential@5": 0.6261727454977469,
    "ndcg_exponential@10": 0.65289684685695,
    "precision@1": 0.506,
    "precision@5": 0.1462,
    "precision@10": 0.08130000000000001,
    "recall@1": 0.506,
    "recall@5": 0.731,
    "recall@10": 0.813,
    "f1@1": 0.506,
    "f1@5": 0.24366666666666675,
    "f1@10": 0.14781818181818182,
    "map@1": 0.506,
    "map@5": 0.59125,
    "map@10": 0.6024059523809524,
    "mrr@1": 0.506,
    "mrr@5": 0.59125,
    "mrr@10": 0.6024059523809524,
    "num_pred": 1000,
    "num_data": 1000
}