{
    "hit@1": 0.774,
    "hit@5": 0.941,
    "hit@10": 0.969,
    "ndcg_linear@1": 0.774,
    "ndcg_linear@5": 0.8653883813799556,
    "ndcg_linear@10": 0.8745126020787024,
    "ndcg_exponential@1": 0.774,
    "ndcg_exponential@5": 0.8653883813799556,
    "ndcg_exponential@10": 0.8745126020787024,
    "precision@1": 0.774,
    "precision@5": 0.18820000000000003,
    "precision@10": 0.0969,
    "recall@1": 0.774,
    "recall@5": 0.941,
    "recall@10": 0.969,
    "f1@1": 0.774,
    "f1@5": 0.31366666666666665,
    "f1@10": 0.1761818181818182,
    "map@1": 0.774,
    "map@5": 0.8399833333333333,
    "map@10": 0.8437873015873016,
    "mrr@1": 0.774,
    "mrr@5": 0.8399833333333333,
    "mrr@10": 0.8437873015873016,
    "num_pred": 1000,
    "num_data": 1000
}