{
    "hit@1": 0.477,
    "hit@5": 0.691,
    "hit@10": 0.796,
    "ndcg_linear@1": 0.477,
    "ndcg_linear@5": 0.5926501362809848,
    "ndcg_linear@10": 0.6266476789939484,
    "ndcg_exponential@1": 0.477,
    "ndcg_exponential@5": 0.5926501362809848,
    "ndcg_exponential@10": 0.6266476789939484,
    "precision@1": 0.477,
    "precision@5": 0.1382,
    "precision@10": 0.0796,
    "recall@1": 0.477,
    "recall@5": 0.691,
    "recall@10": 0.796,
    "f1@1": 0.477,
    "f1@5": 0.23033333333333336,
    "f1@10": 0.14472727272727276,
    "map@1": 0.477,
    "map@5": 0.55975,
    "map@10": 0.5738047619047619,
    "mrr@1": 0.477,
    "mrr@5": 0.55975,
    "mrr@10": 0.5738047619047619,
    "num_pred": 1000,
    "num_data": 1000
}