{
    "hit@1": 0.658,
    "hit@5": 0.827,
    "hit@10": 0.868,
    "ndcg_linear@1": 0.658,
    "ndcg_linear@5": 0.751461319099615,
    "ndcg_linear@10": 0.7647533817198888,
    "ndcg_exponential@1": 0.658,
    "ndcg_exponential@5": 0.751461319099615,
    "ndcg_exponential@10": 0.7647533817198888,
    "precision@1": 0.658,
    "precision@5": 0.16540000000000002,
    "precision@10": 0.08680000000000002,
    "recall@1": 0.658,
    "recall@5": 0.827,
    "recall@10": 0.868,
    "f1@1": 0.658,
    "f1@5": 0.2756666666666667,
    "f1@10": 0.1578181818181818,
    "map@1": 0.658,
    "map@5": 0.7260166666666666,
    "map@10": 0.7315202380952381,
    "mrr@1": 0.658,
    "mrr@5": 0.7260166666666666,
    "mrr@10": 0.7315202380952381,
    "num_pred": 1000,
    "num_data": 1000
}