{
    "hit@1": 0.687,
    "hit@5": 0.924,
    "hit@10": 0.971,
    "ndcg_linear@1": 0.687,
    "ndcg_linear@5": 0.8158078578276298,
    "ndcg_linear@10": 0.831092934028193,
    "ndcg_exponential@1": 0.687,
    "ndcg_exponential@5": 0.8158078578276298,
    "ndcg_exponential@10": 0.831092934028193,
    "precision@1": 0.687,
    "precision@5": 0.18480000000000002,
    "precision@10": 0.09710000000000002,
    "recall@1": 0.687,
    "recall@5": 0.924,
    "recall@10": 0.971,
    "f1@1": 0.687,
    "f1@5": 0.308,
    "f1@10": 0.17654545454545453,
    "map@1": 0.687,
    "map@5": 0.77955,
    "map@10": 0.7859087301587301,
    "mrr@1": 0.687,
    "mrr@5": 0.77955,
    "mrr@10": 0.7859087301587301,
    "num_pred": 1000,
    "num_data": 1000
}