{
    "hit@1": 0.727,
    "hit@5": 0.924,
    "hit@10": 0.965,
    "ndcg_linear@1": 0.727,
    "ndcg_linear@5": 0.8369701982764114,
    "ndcg_linear@10": 0.8501374716326752,
    "ndcg_exponential@1": 0.727,
    "ndcg_exponential@5": 0.8369701982764114,
    "ndcg_exponential@10": 0.8501374716326752,
    "precision@1": 0.727,
    "precision@5": 0.18480000000000002,
    "precision@10": 0.09650000000000003,
    "recall@1": 0.727,
    "recall@5": 0.924,
    "recall@10": 0.965,
    "f1@1": 0.727,
    "f1@5": 0.308,
    "f1@10": 0.17545454545454545,
    "map@1": 0.727,
    "map@5": 0.80755,
    "map@10": 0.8129285714285713,
    "mrr@1": 0.727,
    "mrr@5": 0.80755,
    "mrr@10": 0.8129285714285713,
    "num_pred": 1000,
    "num_data": 1000
}