{
    "hit@1": 0.735,
    "hit@5": 0.955,
    "hit@10": 0.989,
    "ndcg_linear@1": 0.735,
    "ndcg_linear@5": 0.8555750861648118,
    "ndcg_linear@10": 0.8667933379641088,
    "ndcg_exponential@1": 0.735,
    "ndcg_exponential@5": 0.8555750861648118,
    "ndcg_exponential@10": 0.8667933379641088,
    "precision@1": 0.735,
    "precision@5": 0.19100000000000003,
    "precision@10": 0.0989,
    "recall@1": 0.735,
    "recall@5": 0.955,
    "recall@10": 0.989,
    "f1@1": 0.735,
    "f1@5": 0.3183333333333333,
    "f1@10": 0.17981818181818182,
    "map@1": 0.735,
    "map@5": 0.8221833333333333,
    "map@10": 0.8269428571428572,
    "mrr@1": 0.735,
    "mrr@5": 0.8221833333333333,
    "mrr@10": 0.8269428571428572,
    "num_pred": 1000,
    "num_data": 1000
}