{
    "hit@1": 0.662,
    "hit@5": 0.969,
    "hit@10": 0.987,
    "ndcg_linear@1": 0.662,
    "ndcg_linear@5": 0.8382123745227508,
    "ndcg_linear@10": 0.8440508979969298,
    "ndcg_exponential@1": 0.662,
    "ndcg_exponential@5": 0.8382123745227508,
    "ndcg_exponential@10": 0.8440508979969298,
    "precision@1": 0.662,
    "precision@5": 0.1938,
    "precision@10": 0.09870000000000002,
    "recall@1": 0.662,
    "recall@5": 0.969,
    "recall@10": 0.987,
    "f1@1": 0.662,
    "f1@5": 0.323,
    "f1@10": 0.17945454545454545,
    "map@1": 0.662,
    "map@5": 0.7935166666666666,
    "map@10": 0.7959384920634921,
    "mrr@1": 0.662,
    "mrr@5": 0.7935166666666666,
    "mrr@10": 0.7959384920634921,
    "num_pred": 1000,
    "num_data": 1000
}