{
    "hit@1": 0.373,
    "hit@5": 0.63,
    "hit@10": 0.725,
    "ndcg_linear@1": 0.373,
    "ndcg_linear@5": 0.5100808644129111,
    "ndcg_linear@10": 0.5412221479121374,
    "ndcg_exponential@1": 0.373,
    "ndcg_exponential@5": 0.5100808644129111,
    "ndcg_exponential@10": 0.5412221479121374,
    "precision@1": 0.373,
    "precision@5": 0.12599999999999997,
    "precision@10": 0.0725,
    "recall@1": 0.373,
    "recall@5": 0.63,
    "recall@10": 0.725,
    "f1@1": 0.373,
    "f1@5": 0.21000000000000005,
    "f1@10": 0.13181818181818183,
    "map@1": 0.373,
    "map@5": 0.47018333333333334,
    "map@10": 0.4832714285714285,
    "mrr@1": 0.373,
    "mrr@5": 0.47018333333333334,
    "mrr@10": 0.4832714285714285,
    "num_pred": 1000,
    "num_data": 1000
}