{
    "hit@1": 0.473,
    "hit@5": 0.698,
    "hit@10": 0.785,
    "ndcg_linear@1": 0.473,
    "ndcg_linear@5": 0.5948297432409847,
    "ndcg_linear@10": 0.6230295176945547,
    "ndcg_exponential@1": 0.473,
    "ndcg_exponential@5": 0.5948297432409847,
    "ndcg_exponential@10": 0.6230295176945547,
    "precision@1": 0.473,
    "precision@5": 0.1396,
    "precision@10": 0.0785,
    "recall@1": 0.473,
    "recall@5": 0.698,
    "recall@10": 0.785,
    "f1@1": 0.473,
    "f1@5": 0.23266666666666672,
    "f1@10": 0.14272727272727276,
    "map@1": 0.473,
    "map@5": 0.5602999999999999,
    "map@10": 0.571988492063492,
    "mrr@1": 0.473,
    "mrr@5": 0.5602999999999999,
    "mrr@10": 0.571988492063492,
    "num_pred": 1000,
    "num_data": 1000
}