{
    "hit@1": 0.683,
    "hit@5": 0.878,
    "hit@10": 0.921,
    "ndcg_linear@1": 0.683,
    "ndcg_linear@5": 0.7881946315862399,
    "ndcg_linear@10": 0.8024669114707961,
    "ndcg_exponential@1": 0.683,
    "ndcg_exponential@5": 0.7881946315862399,
    "ndcg_exponential@10": 0.8024669114707961,
    "precision@1": 0.683,
    "precision@5": 0.17560000000000003,
    "precision@10": 0.09210000000000002,
    "recall@1": 0.683,
    "recall@5": 0.878,
    "recall@10": 0.921,
    "f1@1": 0.683,
    "f1@5": 0.29266666666666674,
    "f1@10": 0.16745454545454544,
    "map@1": 0.683,
    "map@5": 0.7581833333333334,
    "map@10": 0.764288492063492,
    "mrr@1": 0.683,
    "mrr@5": 0.7581833333333334,
    "mrr@10": 0.764288492063492,
    "num_pred": 1000,
    "num_data": 1000
}