{
    "hit@1": 0.348,
    "hit@5": 0.604,
    "hit@10": 0.696,
    "ndcg_linear@1": 0.348,
    "ndcg_linear@5": 0.48739609907724346,
    "ndcg_linear@10": 0.5173592520634906,
    "ndcg_exponential@1": 0.348,
    "ndcg_exponential@5": 0.48739609907724346,
    "ndcg_exponential@10": 0.5173592520634906,
    "precision@1": 0.348,
    "precision@5": 0.12079999999999998,
    "precision@10": 0.0696,
    "recall@1": 0.348,
    "recall@5": 0.604,
    "recall@10": 0.696,
    "f1@1": 0.348,
    "f1@5": 0.20133333333333336,
    "f1@10": 0.12654545454545457,
    "map@1": 0.348,
    "map@5": 0.4483333333333333,
    "map@10": 0.4608230158730159,
    "mrr@1": 0.348,
    "mrr@5": 0.4483333333333333,
    "mrr@10": 0.4608230158730159,
    "num_pred": 1000,
    "num_data": 1000
}