{
    "hit@1": 0.807,
    "hit@5": 0.958,
    "hit@10": 0.976,
    "ndcg_linear@1": 0.807,
    "ndcg_linear@5": 0.891843319126398,
    "ndcg_linear@10": 0.8977474131395659,
    "ndcg_exponential@1": 0.807,
    "ndcg_exponential@5": 0.891843319126398,
    "ndcg_exponential@10": 0.8977474131395659,
    "precision@1": 0.807,
    "precision@5": 0.19160000000000002,
    "precision@10": 0.09760000000000002,
    "recall@1": 0.807,
    "recall@5": 0.958,
    "recall@10": 0.976,
    "f1@1": 0.807,
    "f1@5": 0.3193333333333333,
    "f1@10": 0.17745454545454545,
    "map@1": 0.807,
    "map@5": 0.8693999999999998,
    "map@10": 0.871886507936508,
    "mrr@1": 0.807,
    "mrr@5": 0.8693999999999998,
    "mrr@10": 0.871886507936508,
    "num_pred": 1000,
    "num_data": 1000
}