{
    "hit@1": 0.764,
    "hit@5": 0.994,
    "hit@10": 0.997,
    "ndcg_linear@1": 0.764,
    "ndcg_linear@5": 0.9090883168307141,
    "ndcg_linear@10": 0.9101017612005942,
    "ndcg_exponential@1": 0.764,
    "ndcg_exponential@5": 0.9090883168307141,
    "ndcg_exponential@10": 0.9101017612005942,
    "precision@1": 0.764,
    "precision@5": 0.1988,
    "precision@10": 0.09970000000000001,
    "recall@1": 0.764,
    "recall@5": 0.994,
    "recall@10": 0.997,
    "f1@1": 0.764,
    "f1@5": 0.3313333333333333,
    "f1@10": 0.18127272727272725,
    "map@1": 0.764,
    "map@5": 0.8795999999999999,
    "map@10": 0.8800444444444445,
    "mrr@1": 0.764,
    "mrr@5": 0.8765999999999999,
    "mrr@10": 0.8770444444444445,
    "num_pred": 1000,
    "num_data": 1000
}