{
    "hit@1": 0.308,
    "hit@5": 0.621,
    "hit@10": 0.761,
    "ndcg_linear@1": 0.308,
    "ndcg_linear@5": 0.47616464429063093,
    "ndcg_linear@10": 0.5215497851256312,
    "ndcg_exponential@1": 0.308,
    "ndcg_exponential@5": 0.47616464429063093,
    "ndcg_exponential@10": 0.5215497851256312,
    "precision@1": 0.308,
    "precision@5": 0.12419999999999999,
    "precision@10": 0.0761,
    "recall@1": 0.308,
    "recall@5": 0.621,
    "recall@10": 0.761,
    "f1@1": 0.308,
    "f1@5": 0.20700000000000005,
    "f1@10": 0.13836363636363638,
    "map@1": 0.308,
    "map@5": 0.42788333333333334,
    "map@10": 0.4466805555555555,
    "mrr@1": 0.308,
    "mrr@5": 0.42788333333333334,
    "mrr@10": 0.4466805555555555,
    "num_pred": 1000,
    "num_data": 1000
}