{
    "hit@1": 0.733,
    "hit@5": 0.937,
    "hit@10": 0.972,
    "ndcg_linear@1": 0.733,
    "ndcg_linear@5": 0.8474738125541441,
    "ndcg_linear@10": 0.8589185035269038,
    "ndcg_exponential@1": 0.733,
    "ndcg_exponential@5": 0.8474738125541441,
    "ndcg_exponential@10": 0.8589185035269038,
    "precision@1": 0.733,
    "precision@5": 0.18740000000000004,
    "precision@10": 0.09720000000000002,
    "recall@1": 0.733,
    "recall@5": 0.937,
    "recall@10": 0.972,
    "f1@1": 0.733,
    "f1@5": 0.31233333333333335,
    "f1@10": 0.17672727272727268,
    "map@1": 0.733,
    "map@5": 0.8171666666666667,
    "map@10": 0.8219587301587301,
    "mrr@1": 0.733,
    "mrr@5": 0.8171666666666667,
    "mrr@10": 0.8219587301587301,
    "num_pred": 1000,
    "num_data": 1000
}