{
    "hit@1": 0.635,
    "hit@5": 0.776,
    "hit@10": 0.824,
    "ndcg_linear@1": 0.635,
    "ndcg_linear@5": 0.7105368577906039,
    "ndcg_linear@10": 0.7261360122886863,
    "ndcg_exponential@1": 0.635,
    "ndcg_exponential@5": 0.7105368577906039,
    "ndcg_exponential@10": 0.7261360122886863,
    "precision@1": 0.635,
    "precision@5": 0.15519999999999998,
    "precision@10": 0.0824,
    "recall@1": 0.635,
    "recall@5": 0.776,
    "recall@10": 0.824,
    "f1@1": 0.635,
    "f1@5": 0.25866666666666677,
    "f1@10": 0.14981818181818182,
    "map@1": 0.635,
    "map@5": 0.6886833333333334,
    "map@10": 0.6951595238095237,
    "mrr@1": 0.635,
    "mrr@5": 0.6886833333333334,
    "mrr@10": 0.6951595238095237,
    "num_pred": 1000,
    "num_data": 1000
}