{
    "hit@1": 0.742,
    "hit@5": 0.926,
    "hit@10": 0.97,
    "ndcg_linear@1": 0.742,
    "ndcg_linear@5": 0.8438658244121844,
    "ndcg_linear@10": 0.8580863865586762,
    "ndcg_exponential@1": 0.742,
    "ndcg_exponential@5": 0.8438658244121844,
    "ndcg_exponential@10": 0.8580863865586762,
    "precision@1": 0.742,
    "precision@5": 0.1852,
    "precision@10": 0.09700000000000003,
    "recall@1": 0.742,
    "recall@5": 0.926,
    "recall@10": 0.97,
    "f1@1": 0.742,
    "f1@5": 0.3086666666666667,
    "f1@10": 0.17636363636363636,
    "map@1": 0.742,
    "map@5": 0.8161833333333333,
    "map@10": 0.8220472222222223,
    "mrr@1": 0.742,
    "mrr@5": 0.8161833333333333,
    "mrr@10": 0.8220472222222223,
    "num_pred": 1000,
    "num_data": 1000
}