{
    "hit@1": 0.51,
    "hit@5": 0.86,
    "hit@10": 0.929,
    "ndcg_linear@1": 0.51,
    "ndcg_linear@5": 0.7006634848365365,
    "ndcg_linear@10": 0.7233006355162763,
    "ndcg_exponential@1": 0.51,
    "ndcg_exponential@5": 0.7006634848365365,
    "ndcg_exponential@10": 0.7233006355162763,
    "precision@1": 0.51,
    "precision@5": 0.172,
    "precision@10": 0.09290000000000001,
    "recall@1": 0.51,
    "recall@5": 0.86,
    "recall@10": 0.929,
    "f1@1": 0.51,
    "f1@5": 0.2866666666666667,
    "f1@10": 0.1689090909090909,
    "map@1": 0.51,
    "map@5": 0.64725,
    "map@10": 0.6567773809523809,
    "mrr@1": 0.51,
    "mrr@5": 0.64725,
    "mrr@10": 0.6567773809523809,
    "num_pred": 1000,
    "num_data": 1000
}