{
    "hit@1": 0.684,
    "hit@5": 0.875,
    "hit@10": 0.923,
    "ndcg_linear@1": 0.684,
    "ndcg_linear@5": 0.7896276839193271,
    "ndcg_linear@10": 0.8050885121622525,
    "ndcg_exponential@1": 0.684,
    "ndcg_exponential@5": 0.7896276839193271,
    "ndcg_exponential@10": 0.8050885121622525,
    "precision@1": 0.684,
    "precision@5": 0.175,
    "precision@10": 0.09230000000000001,
    "recall@1": 0.684,
    "recall@5": 0.875,
    "recall@10": 0.923,
    "f1@1": 0.684,
    "f1@5": 0.2916666666666667,
    "f1@10": 0.1678181818181818,
    "map@1": 0.684,
    "map@5": 0.76085,
    "map@10": 0.7671880952380953,
    "mrr@1": 0.684,
    "mrr@5": 0.76085,
    "mrr@10": 0.7671880952380953,
    "num_pred": 1000,
    "num_data": 1000
}