{
    "hit@1": 0.732,
    "hit@5": 0.88,
    "hit@10": 0.918,
    "ndcg_linear@1": 0.732,
    "ndcg_linear@5": 0.8130316726153028,
    "ndcg_linear@10": 0.8253764160676536,
    "ndcg_exponential@1": 0.732,
    "ndcg_exponential@5": 0.8130316726153028,
    "ndcg_exponential@10": 0.8253764160676536,
    "precision@1": 0.732,
    "precision@5": 0.176,
    "precision@10": 0.0918,
    "recall@1": 0.732,
    "recall@5": 0.88,
    "recall@10": 0.918,
    "f1@1": 0.732,
    "f1@5": 0.2933333333333334,
    "f1@10": 0.16690909090909087,
    "map@1": 0.732,
    "map@5": 0.7905166666666666,
    "map@10": 0.795647619047619,
    "mrr@1": 0.732,
    "mrr@5": 0.7905166666666666,
    "mrr@10": 0.795647619047619,
    "num_pred": 1000,
    "num_data": 1000
}