{
    "hit@1": 0.736,
    "hit@5": 0.884,
    "hit@10": 0.923,
    "ndcg_linear@1": 0.736,
    "ndcg_linear@5": 0.8190625940605588,
    "ndcg_linear@10": 0.8318292078602737,
    "ndcg_exponential@1": 0.736,
    "ndcg_exponential@5": 0.8190625940605588,
    "ndcg_exponential@10": 0.8318292078602737,
    "precision@1": 0.736,
    "precision@5": 0.1768,
    "precision@10": 0.09230000000000001,
    "recall@1": 0.736,
    "recall@5": 0.884,
    "recall@10": 0.923,
    "f1@1": 0.736,
    "f1@5": 0.29466666666666674,
    "f1@10": 0.1678181818181818,
    "map@1": 0.736,
    "map@5": 0.7970666666666667,
    "map@10": 0.8024261904761905,
    "mrr@1": 0.736,
    "mrr@5": 0.7970666666666667,
    "mrr@10": 0.8024261904761905,
    "num_pred": 1000,
    "num_data": 1000
}