{
    "hit@1": 0.384,
    "hit@5": 0.572,
    "hit@10": 0.651,
    "ndcg_linear@1": 0.384,
    "ndcg_linear@5": 0.4832076900717894,
    "ndcg_linear@10": 0.5084196660158726,
    "ndcg_exponential@1": 0.384,
    "ndcg_exponential@5": 0.4832076900717894,
    "ndcg_exponential@10": 0.5084196660158726,
    "precision@1": 0.384,
    "precision@5": 0.11439999999999997,
    "precision@10": 0.06509999999999999,
    "recall@1": 0.384,
    "recall@5": 0.572,
    "recall@10": 0.651,
    "f1@1": 0.384,
    "f1@5": 0.1906666666666667,
    "f1@10": 0.1183636363636364,
    "map@1": 0.384,
    "map@5": 0.4537666666666667,
    "map@10": 0.4639781746031746,
    "mrr@1": 0.384,
    "mrr@5": 0.4537666666666667,
    "mrr@10": 0.4639781746031746,
    "num_pred": 1000,
    "num_data": 1000
}