{
    "hit@1": 0.738,
    "hit@5": 0.94,
    "hit@10": 0.974,
    "ndcg_linear@1": 0.738,
    "ndcg_linear@5": 0.8498178978087967,
    "ndcg_linear@10": 0.8607274191651701,
    "ndcg_exponential@1": 0.738,
    "ndcg_exponential@5": 0.8498178978087967,
    "ndcg_exponential@10": 0.8607274191651701,
    "precision@1": 0.738,
    "precision@5": 0.18800000000000003,
    "precision@10": 0.0974,
    "recall@1": 0.738,
    "recall@5": 0.94,
    "recall@10": 0.974,
    "f1@1": 0.738,
    "f1@5": 0.3133333333333333,
    "f1@10": 0.17709090909090908,
    "map@1": 0.738,
    "map@5": 0.8194166666666668,
    "map@10": 0.8238718253968255,
    "mrr@1": 0.738,
    "mrr@5": 0.8194166666666668,
    "mrr@10": 0.8238718253968255,
    "num_pred": 1000,
    "num_data": 1000
}