{
    "hit@1": 0.856,
    "hit@5": 0.979,
    "hit@10": 0.988,
    "ndcg_linear@1": 0.856,
    "ndcg_linear@5": 0.9274826643643009,
    "ndcg_linear@10": 0.9304603718210857,
    "ndcg_exponential@1": 0.856,
    "ndcg_exponential@5": 0.9274826643643009,
    "ndcg_exponential@10": 0.9304603718210857,
    "precision@1": 0.856,
    "precision@5": 0.1958,
    "precision@10": 0.09880000000000001,
    "recall@1": 0.856,
    "recall@5": 0.979,
    "recall@10": 0.988,
    "f1@1": 0.856,
    "f1@5": 0.32633333333333336,
    "f1@10": 0.17963636363636362,
    "map@1": 0.856,
    "map@5": 0.9098166666666666,
    "map@10": 0.9110825396825397,
    "mrr@1": 0.856,
    "mrr@5": 0.9098166666666666,
    "mrr@10": 0.9110825396825397,
    "num_pred": 1000,
    "num_data": 1000
}