{
    "hit@1": 0.546,
    "hit@5": 0.813,
    "hit@10": 0.856,
    "ndcg_linear@1": 0.546,
    "ndcg_linear@5": 0.68992985672242,
    "ndcg_linear@10": 0.7038878194562663,
    "ndcg_exponential@1": 0.546,
    "ndcg_exponential@5": 0.68992985672242,
    "ndcg_exponential@10": 0.7038878194562663,
    "precision@1": 0.546,
    "precision@5": 0.1626,
    "precision@10": 0.08560000000000001,
    "recall@1": 0.546,
    "recall@5": 0.813,
    "recall@10": 0.856,
    "f1@1": 0.546,
    "f1@5": 0.2710000000000001,
    "f1@10": 0.15563636363636363,
    "map@1": 0.546,
    "map@5": 0.6488333333333333,
    "map@10": 0.6546242063492064,
    "mrr@1": 0.546,
    "mrr@5": 0.6488333333333333,
    "mrr@10": 0.6546242063492064,
    "num_pred": 1000,
    "num_data": 1000
}