{
    "hit@1": 0.17828685258964144,
    "hit@5": 0.398406374501992,
    "hit@10": 0.5,
    "ndcg_linear@1": 0.17828685258964144,
    "ndcg_linear@5": 0.29082012298471926,
    "ndcg_linear@10": 0.323499046397873,
    "ndcg_exponential@1": 0.17828685258964144,
    "ndcg_exponential@5": 0.29082012298471926,
    "ndcg_exponential@10": 0.323499046397873,
    "precision@1": 0.17828685258964144,
    "precision@5": 0.0796812749003984,
    "precision@10": 0.049999999999999996,
    "recall@1": 0.17828685258964144,
    "recall@5": 0.398406374501992,
    "recall@10": 0.5,
    "f1@1": 0.17828685258964144,
    "f1@5": 0.1328021248339974,
    "f1@10": 0.09090909090909091,
    "map@1": 0.17828685258964144,
    "map@5": 0.2554448871181939,
    "map@10": 0.26881837728451274,
    "mrr@1": 0.17828685258964144,
    "mrr@5": 0.2554448871181939,
    "mrr@10": 0.26881837728451274,
    "num_pred": 1004,
    "num_data": 1004
}