{
    "hit@1": 0.261,
    "hit@5": 0.531,
    "hit@10": 0.628,
    "ndcg_linear@1": 0.261,
    "ndcg_linear@5": 0.4048610479798051,
    "ndcg_linear@10": 0.4360166715891392,
    "ndcg_exponential@1": 0.261,
    "ndcg_exponential@5": 0.4048610479798051,
    "ndcg_exponential@10": 0.4360166715891392,
    "precision@1": 0.261,
    "precision@5": 0.10619999999999999,
    "precision@10": 0.0628,
    "recall@1": 0.261,
    "recall@5": 0.531,
    "recall@10": 0.628,
    "f1@1": 0.261,
    "f1@5": 0.17700000000000005,
    "f1@10": 0.1141818181818182,
    "map@1": 0.261,
    "map@5": 0.36286666666666667,
    "map@10": 0.37560000000000004,
    "mrr@1": 0.261,
    "mrr@5": 0.36286666666666667,
    "mrr@10": 0.37560000000000004,
    "num_pred": 1000,
    "num_data": 1000
}