{
    "hit@1": 0.37910447761194027,
    "hit@5": 0.7059701492537314,
    "hit@10": 0.7940298507462686,
    "ndcg_linear@1": 0.37910447761194027,
    "ndcg_linear@5": 0.554949620652522,
    "ndcg_linear@10": 0.5833251144566796,
    "ndcg_exponential@1": 0.37910447761194027,
    "ndcg_exponential@5": 0.554949620652522,
    "ndcg_exponential@10": 0.5833251144566796,
    "precision@1": 0.37910447761194027,
    "precision@5": 0.14119402985074625,
    "precision@10": 0.07940298507462686,
    "recall@1": 0.37910447761194027,
    "recall@5": 0.7059701492537314,
    "recall@10": 0.7940298507462686,
    "f1@1": 0.37910447761194027,
    "f1@5": 0.23532338308457715,
    "f1@10": 0.1443690637720489,
    "map@1": 0.37910447761194027,
    "map@5": 0.5046019900497513,
    "map@10": 0.5162633262260128,
    "mrr@1": 0.37910447761194027,
    "mrr@5": 0.5046019900497513,
    "mrr@10": 0.5162633262260128,
    "num_pred": 670,
    "num_data": 670
}