{
    "hit@1": 0.16480571683787404,
    "hit@5": 0.3704778919160339,
    "hit@10": 0.4758820902188477,
    "ndcg_linear@1": 0.16480571683787404,
    "ndcg_linear@5": 0.27246984613391895,
    "ndcg_linear@10": 0.30673672662066215,
    "ndcg_exponential@1": 0.16480571683787404,
    "ndcg_exponential@5": 0.27246984613391895,
    "ndcg_exponential@10": 0.30673672662066215,
    "precision@1": 0.16480571683787404,
    "precision@5": 0.07409557838320681,
    "precision@10": 0.04758820902188477,
    "recall@1": 0.16480571683787404,
    "recall@5": 0.3704778919160339,
    "recall@10": 0.4758820902188477,
    "f1@1": 0.16480571683787404,
    "f1@5": 0.12349263063867798,
    "f1@10": 0.08652401640342687,
    "map@1": 0.16480571683787404,
    "map@5": 0.240021587018014,
    "map@10": 0.2542718546403227,
    "mrr@1": 0.16480571683787404,
    "mrr@5": 0.240021587018014,
    "mrr@10": 0.2542718546403227,
    "num_pred": 4478,
    "num_data": 4478
}