{
    "hit@1": 0.039005976722239696,
    "hit@5": 0.09971689210443535,
    "hit@10": 0.14564328405158855,
    "ndcg_linear@1": 0.039005976722239696,
    "ndcg_linear@5": 0.06985007816074268,
    "ndcg_linear@10": 0.08472691415453938,
    "ndcg_exponential@1": 0.039005976722239696,
    "ndcg_exponential@5": 0.06985007816074268,
    "ndcg_exponential@10": 0.08472691415453938,
    "precision@1": 0.039005976722239696,
    "precision@5": 0.019943378420887073,
    "precision@10": 0.014564328405158854,
    "recall@1": 0.039005976722239696,
    "recall@5": 0.09971689210443535,
    "recall@10": 0.14564328405158855,
    "f1@1": 0.039005976722239696,
    "f1@5": 0.03323896403481179,
    "f1@10": 0.026480597100288827,
    "map@1": 0.039005976722239696,
    "map@5": 0.06006081577015833,
    "map@10": 0.06621641526485818,
    "mrr@1": 0.039005976722239696,
    "mrr@5": 0.06006081577015833,
    "mrr@10": 0.06621641526485818,
    "num_pred": 3179,
    "num_data": 3179
}