{
    "hit@1": 0.2739043824701195,
    "hit@5": 0.5338645418326693,
    "hit@10": 0.6543824701195219,
    "ndcg_linear@1": 0.2739043824701195,
    "ndcg_linear@5": 0.41018471651735217,
    "ndcg_linear@10": 0.449556337061499,
    "ndcg_exponential@1": 0.2739043824701195,
    "ndcg_exponential@5": 0.41018471651735217,
    "ndcg_exponential@10": 0.449556337061499,
    "precision@1": 0.2739043824701195,
    "precision@5": 0.10677290836653386,
    "precision@10": 0.06543824701195218,
    "recall@1": 0.2739043824701195,
    "recall@5": 0.5338645418326693,
    "recall@10": 0.6543824701195219,
    "f1@1": 0.2739043824701195,
    "f1@5": 0.1779548472775565,
    "f1@10": 0.11897863093082219,
    "map@1": 0.2739043824701195,
    "map@5": 0.3692729083665338,
    "map@10": 0.3857553911338772,
    "mrr@1": 0.2739043824701195,
    "mrr@5": 0.3692729083665338,
    "mrr@10": 0.3857553911338772,
    "num_pred": 1004,
    "num_data": 1004
}