{
    "hit@1": 0.293,
    "hit@5": 0.557,
    "hit@10": 0.667,
    "ndcg_linear@1": 0.293,
    "ndcg_linear@5": 0.43262179768942427,
    "ndcg_linear@10": 0.4684189574419155,
    "ndcg_exponential@1": 0.293,
    "ndcg_exponential@5": 0.43262179768942427,
    "ndcg_exponential@10": 0.4684189574419155,
    "precision@1": 0.293,
    "precision@5": 0.11139999999999999,
    "precision@10": 0.0667,
    "recall@1": 0.293,
    "recall@5": 0.557,
    "recall@10": 0.667,
    "f1@1": 0.293,
    "f1@5": 0.18566666666666673,
    "f1@10": 0.1212727272727273,
    "map@1": 0.293,
    "map@5": 0.3913666666666667,
    "map@10": 0.4062789682539683,
    "mrr@1": 0.293,
    "mrr@5": 0.3913666666666667,
    "mrr@10": 0.4062789682539683,
    "num_pred": 1000,
    "num_data": 1000
}