{
    "hit@1": 0.48208955223880595,
    "hit@5": 0.7731343283582089,
    "hit@10": 0.8582089552238806,
    "ndcg_linear@1": 0.48208955223880595,
    "ndcg_linear@5": 0.6366252226050064,
    "ndcg_linear@10": 0.6650336578044093,
    "ndcg_exponential@1": 0.48208955223880595,
    "ndcg_exponential@5": 0.6366252226050064,
    "ndcg_exponential@10": 0.6650336578044093,
    "precision@1": 0.48208955223880595,
    "precision@5": 0.15462686567164177,
    "precision@10": 0.08582089552238806,
    "recall@1": 0.48208955223880595,
    "recall@5": 0.7731343283582089,
    "recall@10": 0.8582089552238806,
    "f1@1": 0.48208955223880595,
    "f1@5": 0.2577114427860697,
    "f1@10": 0.1560379918588874,
    "map@1": 0.48208955223880595,
    "map@5": 0.5913432835820897,
    "map@10": 0.603589196872779,
    "mrr@1": 0.48208955223880595,
    "mrr@5": 0.5913432835820897,
    "mrr@10": 0.603589196872779,
    "num_pred": 670,
    "num_data": 670
}